{
	"id": "df613822-d2d1-4708-83d4-fa533800a647",
	"name": "reques in taller",
	"values": [
		{
			"key": "base_url",
			"value": "",
			"type": "default",
			"enabled": true
		},
		{
			"key": "categoria_default",
			"value": "",
			"type": "default",
			"enabled": true
		},
		{
			"key": "articulo_default",
			"value": "",
			"type": "default",
			"enabled": true
		},
		{
			"key": "login",
			"value": "",
			"type": "default",
			"enabled": true
		},
		{
			"key": "timeout_ms",
			"value": "",
			"type": "default",
			"enabled": true
		}
	],
	"_postman_variable_scope": "environment",
	"_postman_exported_at": "2025-11-06T00:46:24.988Z",
	"_postman_exported_using": "Postman/11.70.4"
}